{ "Namespace": { "Name":"Library.Parsers.Constructs", "Description":"" }, "Class": { "Scope":"public",  "Name":"Construct", "Description":"" }, "Attributes": [  ], "Properties": [ { "Scope":"public",  "Type": "List<PatternResult>", "Name":"patternResults", "Description":"" },{ "Scope":"public",  "Type": "ConstructType", "Name":"constructType", "Description":"" } ], "Constructors": [ { "Scope":"public",  "Name":"Construct", "Arguments": [  ], "Description":"", "Params": [  ] } ], "Functions": [ { "Scope":"public", "Virtual":"virtual", "Type":"string", "Name":"GetDescription", "Arguments": [  ], "Description":"", "Params": [  ] },{ "Scope":"public", "Virtual":"virtual", "Type":"Param[]", "Name":"GetParams", "Arguments": [  ], "Description":"", "Params": [  ] },{ "Scope":"public", "Virtual":"virtual", "Type":"int", "Name":"GetDescriptionParams", "Arguments": [  ], "Description":"", "Params": [  ] },{ "Scope":"public", "Virtual":"virtual", "Type":"Param", "Name":"GetDescriptionParam", "Arguments": [ { "Type": "int", "Name": "index" } ], "Description":"", "Params": [  ] },{ "Scope":"public", "Virtual":"virtual", "Type":"string", "Name":"GetDescriptionParamName", "Arguments": [ { "Type": "int", "Name": "index" } ], "Description":"", "Params": [  ] },{ "Scope":"public", "Virtual":"virtual", "Type":"string", "Name":"GetDescriptionParamValue", "Arguments": [ { "Type": "int", "Name": "index" } ], "Description":"", "Params": [  ] },{ "Scope":"public", "Virtual":"virtual", "Type":"Argument[]", "Name":"GetArguments", "Arguments": [  ], "Description":"", "Params": [  ] },{ "Scope":"public", "Virtual":"virtual", "Type":"string", "Name":"GetConstructType", "Arguments": [  ], "Description":"", "Params": [  ] },{ "Scope":"public", "Virtual":"virtual", "Type":"string", "Name":"GetName", "Arguments": [  ], "Description":"", "Params": [  ] },{ "Scope":"public", "Virtual":"virtual", "Type":"string", "Name":"GetVirtual", "Arguments": [  ], "Description":"", "Params": [  ] },{ "Scope":"public", "Virtual":"virtual", "Type":"string", "Name":"GetScope", "Arguments": [  ], "Description":"", "Params": [  ] },{ "Scope":"public", "Virtual":"virtual", "Type":"string", "Name":"GetJSON", "Arguments": [  ], "Description":"", "Params": [  ] },{ "Scope":"public", "Virtual":"virtual", "Type":"string", "Name":"GetObjectJSON", "Arguments": [  ], "Description":"", "Params": [  ] },{ "Scope":"public", "Virtual":"virtual", "Type":"string", "Name":"GetArgumentsJSON", "Arguments": [  ], "Description":"", "Params": [  ] },{ "Scope":"public", "Virtual":"virtual", "Type":"string", "Name":"GetParamsJSON", "Arguments": [  ], "Description":"", "Params": [  ] } ] }