{ "Namespace": { "Name":"Library.Parsers.Constructs", "Description":"" }, "Class": { "Scope":"public",  "Name":"Param", "Description":"" }, "Attributes": [  ], "Properties": [ { "Scope":"public",  "Type": "string", "Name":"Name", "Description":"" },{ "Scope":"public",  "Type": "string", "Name":"Value", "Description":"" } ], "Constructors": [ { "Scope":"public",  "Name":"Param", "Arguments": [  ], "Description":"", "Params": [  ] },{ "Scope":"public",  "Name":"Param", "Arguments": [ { "Type": "string", "Name": "name," },{ "Type": "string", "Name": "value" } ], "Description":"", "Params": [  ] } ], "Functions": [  ] }