{ "Namespace": { "Name":"Library.Documents", "Description":"" }, "Class": { "Scope":"public",  "Name":"IndexJSONConstruct", "Description":"" }, "Attributes": [  ], "Properties": [ { "Scope":"public",  "Type": "string", "Name":"Id", "Description":"" },{ "Scope":"public",  "Type": "string", "Name":"Namespace", "Description":"" },{ "Scope":"public",  "Type": "string", "Name":"Name", "Description":"" },{ "Scope":"public",  "Type": "string", "Name":"Description", "Description":"" },{ "Scope":"public",  "Type": "string", "Name":"Url", "Description":"" } ], "Constructors": [  ], "Functions": [  ] }