{ "Namespace": { "Name":"Library.Parsers.Constructs.Output", "Description":"Namespace construct." }, "Class": { "Scope":"public",  "Name":"ParsedConstruct", "Description":"Class for parsed regular expression constructs. Class for parsed regular expression constructs. Class for parsed regular expression constructs." }, "Attributes": [ { "Scope":"internal",  "Type": "int", "Name":"Field1", "Description":"Attribute description." },{ "Scope":"internal",  "Type": "int", "Name":"Field2", "Description":"" } ], "Properties": [ { "Scope":"public",  "Type": "string", "Name":"SourceConstruct", "Description":"Property description" },{ "Scope":"public",  "Type": "ConstructType", "Name":"Type", "Description":"" },{ "Scope":"public",  "Type": "int", "Name":"Sequence", "Description":"" } ], "Constructors": [ { "Scope":"public",  "Name":"ParsedConstruct", "Arguments": [ { "Type": "ConstructType", "Name": "constructType," },{ "Type": "string", "Name": "sourceConstruct" },{ "Type": "int", "Name": "sequnce" } ], "Description":"Construct function description here.", "Params": [ { "Name": "constructType", "Value": "constructType value" },{ "Name": "", "Value": "sourceConstruct" },{ "Name": "sourceConstruct value", "Value": "" },{ "Name": "sequnce", "Value": "sequnce value" } ] } ], "Functions": [  ] }