{ "Namespace": { "Name":"Library.Documents", "Description":"" }, "Class": { "Scope":"public",  "Name":"Document", "Description":"" }, "Attributes": [  ], "Properties": [ { "Scope":"public",  "Type": "Parser", "Name":"DocumentParser", "Description":"" },{ "Scope":"public",  "Type": "string", "Name":"FileExtension", "Description":"" },{ "Scope":"public",  "Type": "DocumentManager", "Name":"DocumentsManager", "Description":"" } ], "Constructors": [ { "Scope":"public",  "Name":"Document", "Arguments": [ { "Type": "string", "Name": "fileExtension" } ], "Description":"", "Params": [  ] },{ "Scope":"public",  "Name":"Document", "Arguments": [ { "Type": "string", "Name": "settingsFile" },{ "Type": "Settings", "Name": "settings" },{ "Type": "string", "Name": "fileExtension" } ], "Description":"", "Params": [  ] } ], "Functions": [  ] }