{ "Namespace": { "Name":"Library.Documents", "Description":"" }, "Class": { "Scope":"public",  "Name":"DocumentManager", "Description":"" }, "Attributes": [ { "Scope":"public",  "Type": "int", "Name":"Width", "Description":"" },{ "Scope":"public",  "Type": "int", "Name":"Height", "Description":"" },{ "Scope":"public",  "Type": "int", "Name":"RainParsingResultCursor", "Description":"" } ], "Properties": [ { "Scope":"public",  "Type": "bool", "Name":"RainStatus", "Description":"" },{ "Scope":"public",  "Type": "int", "Name":"RainParsingInitialCursor", "Description":"" } ], "Constructors": [ { "Scope":"public",  "Name":"DocumentManager", "Arguments": [  ], "Description":"", "Params": [  ] } ], "Functions": [  ] }