{ "Id":"", "Title":"", "Description":"", "Url":"", "Namespaces": [ { "Id":"Library.Documents.Document",  "Namespace":"Library.Documents", "Name":"Document", "Description":"", "Url":"Documents\\Document.json"},{ "Id":"Library.Parsers.Parser",  "Namespace":"Library.Parsers", "Name":"Parser", "Description":"", "Url":"Parsers\\Parser.json"},{ "Id":"Library.Parsers.Constructs.Argument",  "Namespace":"Library.Parsers.Constructs", "Name":"Argument", "Description":"", "Url":"Parsers\\Constructs\\Argument.json"},{ "Id":"Library.Parsers.Patterns.IntegratedPattern",  "Namespace":"Library.Parsers.Patterns", "Name":"IntegratedPattern", "Description":"", "Url":"Parsers\\Patterns\\IntegratedPattern.json"} ], "Classes": [ { "Id":"Library.Documents.Document",  "Namespace":"Library.Documents", "Name":"Document", "Description":"", "Url":"Documents\\Document.json"},{ "Id":"Library.Documents.DocumentManager",  "Namespace":"Library.Documents", "Name":"DocumentManager", "Description":"", "Url":"Documents\\DocumentManager.json"},{ "Id":"Library.Documents.IndexJSONConstruct",  "Namespace":"Library.Documents", "Name":"IndexJSONConstruct", "Description":"", "Url":"Documents\\IndexJSONConstruct.json"},{ "Id":"Library.Parsers.Parser",  "Namespace":"Library.Parsers", "Name":"Parser", "Description":"", "Url":"Parsers\\Parser.json"},{ "Id":"Library.Parsers.Settings",  "Namespace":"Library.Parsers", "Name":"Settings", "Description":"", "Url":"Parsers\\Settings.json"},{ "Id":"Library.Parsers.Constructs.Argument",  "Namespace":"Library.Parsers.Constructs", "Name":"Argument", "Description":"", "Url":"Parsers\\Constructs\\Argument.json"},{ "Id":"Library.Parsers.Constructs.Attribute",  "Namespace":"Library.Parsers.Constructs", "Name":"Attribute", "Description":"", "Url":"Parsers\\Constructs\\Attribute.json"},{ "Id":"Library.Parsers.Constructs.Class",  "Namespace":"Library.Parsers.Constructs", "Name":"Class", "Description":"", "Url":"Parsers\\Constructs\\Class.json"},{ "Id":"Library.Parsers.Constructs.Construct",  "Namespace":"Library.Parsers.Constructs", "Name":"Construct", "Description":"", "Url":"Parsers\\Constructs\\Construct.json"},{ "Id":"Library.Parsers.Constructs.Constructor",  "Namespace":"Library.Parsers.Constructs", "Name":"Constructor", "Description":"", "Url":"Parsers\\Constructs\\Constructor.json"},{ "Id":"Library.Parsers.Constructs.Function",  "Namespace":"Library.Parsers.Constructs", "Name":"Function", "Description":"", "Url":"Parsers\\Constructs\\Function.json"},{ "Id":"Library.Parsers.Constructs.Namespace",  "Namespace":"Library.Parsers.Constructs", "Name":"Namespace", "Description":"", "Url":"Parsers\\Constructs\\Namespace.json"},{ "Id":"Library.Parsers.Constructs.Param",  "Namespace":"Library.Parsers.Constructs", "Name":"Param", "Description":"", "Url":"Parsers\\Constructs\\Param.json"},{ "Id":"Library.Parsers.Constructs.Property",  "Namespace":"Library.Parsers.Constructs", "Name":"Property", "Description":"", "Url":"Parsers\\Constructs\\Property.json"},{ "Id":"Library.Parsers.Patterns.IntegratedPattern",  "Namespace":"Library.Parsers.Patterns", "Name":"IntegratedPattern", "Description":"", "Url":"Parsers\\Patterns\\IntegratedPattern.json"},{ "Id":"Library.Parsers.Patterns.Pattern",  "Namespace":"Library.Parsers.Patterns", "Name":"Pattern", "Description":"", "Url":"Parsers\\Patterns\\Pattern.json"},{ "Id":"Library.Parsers.Patterns.PatternResult",  "Namespace":"Library.Parsers.Patterns", "Name":"PatternResult", "Description":"", "Url":"Parsers\\Patterns\\PatternResult.json"} ] }