{ "Namespace": { "Name":"Library.Parsers.Patterns", "Description":"" }, "Class": { "Scope":"public",  "Name":"PatternResult", "Description":"" }, "Attributes": [  ], "Properties": [ { "Scope":"public",  "Type": "string", "Name":"Id", "Description":"" },{ "Scope":"public",  "Type": "string", "Name":"ResultValue", "Description":"" },{ "Scope":"public",  "Type": "string", "Name":"Sort", "Description":"" } ], "Constructors": [ { "Scope":"public",  "Name":"PatternResult", "Arguments": [  ], "Description":"", "Params": [  ] },{ "Scope":"public",  "Name":"PatternResult", "Arguments": [ { "Type": "string", "Name": "id," },{ "Type": "string", "Name": "resultValue" } ], "Description":"", "Params": [  ] },{ "Scope":"public",  "Name":"PatternResult", "Arguments": [ { "Type": "string", "Name": "id," },{ "Type": "string", "Name": "resultValue," },{ "Type": "string", "Name": "sort" } ], "Description":"", "Params": [  ] } ], "Functions": [  ] }