﻿{
  "authenticationMode": true,
  "version": "4.0",
  "cssClass": "col-sm-12 col-md-12 col-lg-12 p-0",
  "tag": "ul",
  "attributes": [
    {
      "name": "class",
      "value": "navbar-nav d-flex justify-content-end"
    }
  ],
  "roles": [ "anonymous" ],
  "items": [
    {
      "text": "$resources: Application.Core.Navigations.Navigation, MyAccount",
      "attributes": [
        {
          "name": "title",
          "value": "$resources: Application.Core.Navigations.Navigation, MyAccountD"
        },
        {
          "name": "class",
          "value": "nav-item dropdown"
        }
      ],
      "linkUrl": "#MYACCOUNT",
      "linkAttributes": [
        {
          "name": "class",
          "value": "nav-link dropdown-toggle"
        }
      ],
      "roles": [ "mngr_myaccount", "mngr_users" ],
      "linkNavigationTemplate": "<a {0} href=\"#admin-myaccount-settings\" class=\"nav-link dropdown-toggle\" data-toggle=\"collapse\" role=\"button\" aria-haspopup=\"true\" aria-expanded=\"false\">{1} <span class=\"{2}\"></span></a>",
      "subNavigationTemplate": "<ul id=\"admin-myaccount-settings\" class=\"dropdown-menu\">{0}</ul>\n",
      "items": [
        {
          "text": "$resources: Application.Core.Navigations.Navigation, SignOut",
          "attributes": [
            {
              "name": "title",
              "value": "$resources: Application.Core.Navigations.Navigation, SignOutD"
            }
          ],
          "roles": [ "mngr_myaccount", "mngr_users" ],
          "linkUrl": "/account/logout",
          "linkAttributes": [
            {
              "name": "class",
              "value": "dropdown-item d-flex align-content-start"
            }
          ]
        }
      ]
    },
    {
      "text": "$resources: Application.Core.Navigations.Navigation, Language",
      "attributes": [
        {
          "name": "title",
          "value": "$resources: Application.Core.Navigations.Navigation, LanguageD"
        },
        {
          "name": "class",
          "value": "nav-item dropdown"
        }
      ],
      "linkUrl": "#LANGUAGE",
      "linkAttributes": [
        {
          "name": "class",
          "value": "nav-link dropdown-toggle"
        }
      ],
      "roles": [ "signin" ],
      "linkNavigationTemplate": "<a {0} href=\"#language-settings\" class=\"nav-link dropdown-toggle\" data-bs-toggle=\"collapse\" role=\"button\" aria-haspopup=\"true\" aria-expanded=\"false\">{1} <span class=\"{2}\"></span></a>",
      "subNavigationTemplate": "<ul id=\"language-settings\" class=\"dropdown-menu\">{0}</ul>\n",
      "items": [
        {
          "text": "$resources: Application.Core.Navigations.Navigation, LanguageEnglish",
          "attributes": [
            {
              "name": "title",
              "value": "$resources: Application.Core.Navigations.Navigation, LanguageEnglishD"
            }
          ],
          "linkUrl": "/language/index",
          "linkAttributes": [
            {
              "name": "class",
              "value": "dropdown-item d-flex align-content-start"
            }
          ]
        },
        {
          "text": "",
          "attributes": [
            {
              "name": "class",
              "value": "dropdown-divider"
            }
          ],
          "separator": true
        },
        {
          "text": "$resources: Application.Core.Navigations.Navigation, LanguageUrdu",
          "attributes": [
            {
              "name": "title",
              "value": "$resources: Application.Core.Navigations.Navigation, LanguageUrduD"
            }
          ],
          "linkUrl": "/language/urdu",
          "linkAttributes": [
            {
              "name": "class",
              "value": "dropdown-item d-flex align-content-start"
            }
          ]
        }
      ]
    },
    {
      "text": "$resources: Application.Core.Navigations.Navigation, Help",
      "attributes": [
        {
          "name": "title",
          "value": "$resources: Application.Core.Navigations.Navigation, HelpD"
        },
        {
          "name": "class",
          "value": "nav-item dropdown"
        }
      ],
      "linkUrl": "#HELP",
      "linkAttributes": [
        {
          "name": "class",
          "value": "nav-link dropdown-toggle"
        }
      ],
      "roles": [ "signin" ],
      "linkNavigationTemplate": "<a {0} href=\"#help-settings\" class=\"nav-link dropdown-toggle\" data-bs-toggle=\"collapse\" role=\"button\" aria-haspopup=\"true\" aria-expanded=\"false\">{1} <span class=\"{2}\"></span></a>",
      "subNavigationTemplate": "<ul id=\"help-settings\" class=\"dropdown-menu\">{0}</ul>\n",
      "items": [
        {
          "text": "$resources: Application.Core.Navigations.Navigation, HelpManual",
          "attributes": [
            {
              "name": "title",
              "value": "$resources: Application.Core.Navigations.Navigation, HelpManualD"
            }
          ],
          "linkUrl": "/help/index",
          "linkAttributes": [
            {
              "name": "class",
              "value": "dropdown-item d-flex align-content-start"
            }
          ]
        },
        {
          "text": "",
          "attributes": [
            {
              "name": "class",
              "value": "dropdown-divider"
            }
          ],
          "separator": true
        },
        {
          "text": "$resources: Application.Core.Navigations.Navigation, HelpAbout",
          "attributes": [
            {
              "name": "title",
              "value": "$resources: Application.Core.Navigations.Navigation, HelpAboutD"
            }
          ],
          "linkUrl": "/help/about",
          "linkAttributes": [
            {
              "name": "class",
              "value": "dropdown-item d-flex align-content-start"
            }
          ]
        }
      ]
    },
    {
      "text": "$resources: Application.Core.Navigations.Navigation, SignIn",
      "attributes": [
        {
          "name": "title",
          "value": "$resources: Application.Core.Navigations.Navigation, SignInD"
        },
        {
          "name": "class",
          "value": "nav-item"
        }
      ],
      "linkUrl": "/account/login",
      "linkAttributes": [
        {
          "name": "class",
          "value": "nav-link"
        }
      ],
      "roles": [ "signin" ]
    }
  ]
}