﻿{
  "authenticationMode": true,
  "version": "4.0",
  "cssClass": "container-fluid d-flex justify-content-start p-0",
  "tag": "ul",
  "attributes": [
    {
      "name": "class",
      "value": "navbar-nav"
    }
  ],
  "roles": [ "anonymous" ],
  "items": [
    {
      "text": "$resources: Application.Core.Navigations.Navigation, Home",
      "attributes": [
        {
          "name": "id",
          "value": ""
        },
        {
          "name": "title",
          "value": "$resources: Application.Core.Navigations.Navigation, HomeD"
        },
        {
          "name": "class",
          "value": "nav-item"
        }
      ],
      "itemTemplate": "<li {0}>{1}</li>",
      "linkTemplate": "<a {0} href='{1}'><i class='fa fa-tachometer-alt fa-fw'></i><span>{2}</span></a><hr class='sidebar-divider my-0' role='separator'>",
      "linkUrl": "/myaccount/home/index?home",
      "linkAttributes": [
        {
          "name": "id",
          "value": ""
        },
        {
          "name": "title",
          "value": ""
        },
        {
          "name": "class",
          "value": "nav-link"
        }
      ],
      "roles": [ "mngr_myaccount" ]
    },
    {
      "text": "$resources: Application.Core.Navigations.Navigation, CRUDView",
      "attributes": [
        {
          "name": "title",
          "value": "$resources: Application.Core.Navigations.Navigation, CRUDView"
        },
        {
          "name": "class",
          "value": "nav-item"
        }
      ],
      "itemTemplate": "<li {0}>{1}</li>",
      "linkTemplate": "<a {0} href='{1}'><i class='fa fa-tachometer-alt fa-fw'></i><span>{2}</span></a><hr class='sidebar-divider my-0' role='separator'>",
      "linkUrl": "/myaccount/category/index?crudview",
      "linkAttributes": [
        {
          "name": "class",
          "value": "nav-link"
        }
      ],
      "roles": [ "mngr_myaccount" ]
    },
    {
      "text": "$resources: Application.Core.Navigations.Navigation, GeneralLists",
      "attributes": [
        {
          "name": "title",
          "value": "$resources: Application.Core.Navigations.Navigation, GeneralLists"
        },
        {
          "name": "class",
          "value": "nav-item"
        }
      ],
      "itemTemplate": "<li {0}>{1}</li>",
      "linkTemplate": "<a {0} href='{1}'><i class='fa fa-tachometer-alt fa-fw'></i><span>{2}</span></a><hr class='sidebar-divider my-0' role='separator'>",
      "linkUrl": "/myaccount/lists/index?lists",
      "linkAttributes": [
        {
          "name": "class",
          "value": "nav-link"
        }
      ],
      "roles": [ "mngr_myaccount" ]
    },
    {
      "text": "$resources: Application.Core.Navigations.Navigation, Reports",
      "attributes": [
        {
          "name": "title",
          "value": "$resources: Application.Core.Navigations.Navigation, ReportsD"
        },
        {
          "name": "class",
          "value": "nav-item"
        }
      ],
      "linkUrl": "#REPORTS",
      "linkAttributes": [
        {
          "name": "class",
          "value": "nav-link"
        }
      ],
      "roles": [ "mngr_myaccount" ],
      "linkNavigationTemplate": "<a {0} href=\"#reports\" class=\"nav-link dropdown-toggle\" data-toggle=\"collapse\" role=\"button\" aria-haspopup=\"true\" aria-expanded=\"false\"><i class='fa fa-cog fa-fw'></i><span>{1}</span> <span class=\"{2}\"></span></a>",
      "subNavigationTemplate": "<ul id=\"reports\" class=\"dropdown-menu\">{0}</ul>\n",
      "items": [
        {
          "text": "$resources: Application.Core.Navigations.Navigation, SummaryReport",
          "attributes": [
            {
              "name": "title",
              "value": "$resources: Application.Core.Navigations.Navigation, SummaryReportD"
            },
            {
              "name": "class",
              "value": "collapse-inner"
            }
          ],
          "itemTemplate": "<li {0}>{1}</li>",
          "linkTemplate": "<a {0} href=\"{1}\" target=\"\">{2}</a>",
          "linkUrl": "/myaccount/reports/index?summary",
          "linkAttributes": [
            {
              "name": "class",
              "value": "collapse-item"
            }
          ],
          "roles": [ "mngr_myaccount" ]
        }
      ]
    },
    {
      "text": "$resources: Application.Core.Navigations.Navigation, SignOut",
      "attributes": [
        {
          "name": "title",
          "value": "$resources: Application.Core.Navigations.Navigation, SignOutD"
        },
        {
          "name": "class",
          "value": "nav-item"
        }
      ],
      "itemTemplate": "<li {0}>{1}</li>",
      "linkTemplate": "<a {0} href='{1}'><i class='fa fa-tachometer-alt fa-fw'></i><span>{2}</span></a><hr class='sidebar-divider my-0' role='separator'>",
      "linkUrl": "/account/logout?logout",
      "linkAttributes": [
        {
          "name": "class",
          "value": "nav-link"
        }
      ],
      "roles": [ "mngr_myaccount", "mngr_users" ]
    },
    {
      "text": "$resources: Application.Core.Navigations.Navigation, SignIn",
      "attributes": [
        {
          "name": "title",
          "value": "$resources: Application.Core.Navigations.Navigation, SignInD"
        },
        {
          "name": "class",
          "value": "nav-item"
        }
      ],
      "itemTemplate": "<li {0}>{1}</li>",
      "linkTemplate": "<a {0} href='{1}'><i class='fa fa-tachometer-alt fa-fw'></i><span>{2}</span></a><hr class='sidebar-divider my-0' role='separator'>",
      "linkUrl": "/account/login",
      "linkAttributes": [
        {
          "name": "class",
          "value": "nav-link"
        }
      ],
      "roles": [ "signin" ]
    }
  ]
}