{ "Namespace": { "Name":"Library.Parsers.Patterns", "Description":"" }, "Class": { "Scope":"public",  "Name":"IntegratedPattern", "Description":"" }, "Attributes": [  ], "Properties": [ { "Scope":"public",  "Type": "string", "Name":"Id", "Description":"" },{ "Scope":"public",  "Type": "int", "Name":"ConstructType", "Description":"" },{ "Scope":"public",  "Type": "List<Pattern>", "Name":"Patterns", "Description":"" },{ "Scope":"public",  "Type": "string", "Name":"SharedPattern", "Description":"" },{ "Scope":"public",  "Type": "int", "Name":"TokenOffset", "Description":"" } ], "Constructors": [ { "Scope":"public",  "Name":"IntegratedPattern", "Arguments": [  ], "Description":"", "Params": [  ] },{ "Scope":"public",  "Name":"IntegratedPattern", "Arguments": [ { "Type": "string", "Name": "id," },{ "Type": "Pattern[]", "Name": "patterns," },{ "Type": "int", "Name": "constructType," },{ "Type": "string", "Name": "sharedPattern" } ], "Description":"", "Params": [  ] } ], "Functions": [  ] }