{ "Namespace": { "Name":"Library.Parsers", "Description":"" }, "Class": { "Scope":"public",  "Name":"Parser", "Description":"" }, "Attributes": [  ], "Properties": [ { "Scope":"public",  "Type": "Settings", "Name":"ConstructSettings", "Description":"" },{ "Scope":"public",  "Type": "bool", "Name":"PrintPatternTree", "Description":"" },{ "Scope":"public",  "Type": "int", "Name":"StackCounter", "Description":"" } ], "Constructors": [ { "Scope":"public",  "Name":"Parser", "Arguments": [  ], "Description":"", "Params": [  ] },{ "Scope":"public",  "Name":"Parser", "Arguments": [ { "Type": "string", "Name": "parserFilePath" } ], "Description":"", "Params": [  ] },{ "Scope":"public",  "Name":"Parser", "Arguments": [ { "Type": "Settings", "Name": "settings" } ], "Description":"", "Params": [  ] } ], "Functions": [ { "Scope":"public", "Virtual":"virtual", "Type":"void", "Name":"Parse", "Arguments": [ { "Type": "string", "Name": "filePath" },{ "Type": "string", "Name": "fileContents" } ], "Description":"", "Params": [  ] },{ "Scope":"public", "Virtual":"virtual", "Type":"void", "Name":"PrintConstructs", "Arguments": [  ], "Description":"", "Params": [  ] } ] }