{ "Id":"", "Title":"", "Description":"", "Url":"", "Namespaces": [ { "Id":"Library.Parsers.Constructs.Construct",  "Namespace":"Library.Parsers.Constructs", "Name":"Construct", "Description":"", "Url":"contents\\Construct.json"},{ "Id":"Library.Parsers.Patterns.IntegratedPattern",  "Namespace":"Library.Parsers.Patterns", "Name":"IntegratedPattern", "Description":"", "Url":"contents\\IntegratedPattern.json"},{ "Id":"Library.Parsers.Constructs.Output.ParsedConstruct",  "Namespace":"Library.Parsers.Constructs.Output", "Name":"ParsedConstruct", "Description":"Class for parsed regular expression constructs. Class for parsed regular expression constructs. Class for parsed regular expression constructs.", "Url":"contents\\ParsedConstruct.json"},{ "Id":"Library.Parsers.Parser",  "Namespace":"Library.Parsers", "Name":"Parser", "Description":"", "Url":"contents\\Parser.json"} ], "Classes": [ { "Id":"Library.Parsers.Constructs.Construct",  "Namespace":"Library.Parsers.Constructs", "Name":"Construct", "Description":"", "Url":"contents\\Construct.json"},{ "Id":"Library.Parsers.Patterns.IntegratedPattern",  "Namespace":"Library.Parsers.Patterns", "Name":"IntegratedPattern", "Description":"", "Url":"contents\\IntegratedPattern.json"},{ "Id":"Library.Parsers.Constructs.Output.ParsedConstruct",  "Namespace":"Library.Parsers.Constructs.Output", "Name":"ParsedConstruct", "Description":"Class for parsed regular expression constructs. Class for parsed regular expression constructs. Class for parsed regular expression constructs.", "Url":"contents\\ParsedConstruct.json"},{ "Id":"Library.Parsers.Parser",  "Namespace":"Library.Parsers", "Name":"Parser", "Description":"", "Url":"contents\\Parser.json"},{ "Id":"Library.Parsers.Patterns.PatternResult",  "Namespace":"Library.Parsers.Patterns", "Name":"PatternResult", "Description":"", "Url":"contents\\PatternResult.json"},{ "Id":"Library.Parsers.Settings",  "Namespace":"Library.Parsers", "Name":"Settings", "Description":"", "Url":"contents\\Settings.json"},{ "Id":"Library.Parsers.Constructs.Construct",  "Namespace":"Library.Parsers.Constructs", "Name":"Construct", "Description":"", "Url":"contents\\constructs1\\Construct.json"},{ "Id":"Library.Parsers.Patterns.IntegratedPattern",  "Namespace":"Library.Parsers.Patterns", "Name":"IntegratedPattern", "Description":"", "Url":"contents\\constructs1\\IntegratedPattern.json"},{ "Id":"Library.Parsers.Constructs.Construct",  "Namespace":"Library.Parsers.Constructs", "Name":"Construct", "Description":"", "Url":"contents\\constructs1\\constructs2\\Construct.json"},{ "Id":"Library.Parsers.Constructs.Construct",  "Namespace":"Library.Parsers.Constructs", "Name":"Construct", "Description":"", "Url":"contents\\constructs2\\Construct.json"},{ "Id":"Library.Parsers.Patterns.IntegratedPattern",  "Namespace":"Library.Parsers.Patterns", "Name":"IntegratedPattern", "Description":"", "Url":"contents\\constructs2\\IntegratedPattern.json"},{ "Id":"Library.Parsers.Constructs.Output.ParsedConstruct",  "Namespace":"Library.Parsers.Constructs.Output", "Name":"ParsedConstruct", "Description":"Class for parsed regular expression constructs. Class for parsed regular expression constructs. Class for parsed regular expression constructs.", "Url":"contents\\constructs2\\ParsedConstruct.json"},{ "Id":"Library.Parsers.Parser",  "Namespace":"Library.Parsers", "Name":"Parser", "Description":"", "Url":"contents\\constructs2\\Parser.json"},{ "Id":"Library.Parsers.Constructs.Construct",  "Namespace":"Library.Parsers.Constructs", "Name":"Construct", "Description":"", "Url":"contents\\constructs2\\constructs2\\Construct.json"},{ "Id":"Library.Parsers.Constructs.Output.ParsedConstruct",  "Namespace":"Library.Parsers.Constructs.Output", "Name":"ParsedConstruct", "Description":"Class for parsed regular expression constructs. Class for parsed regular expression constructs. Class for parsed regular expression constructs.", "Url":"contents\\constructs2\\constructs2\\ParsedConstruct.json"},{ "Id":"Library.Parsers.Parser",  "Namespace":"Library.Parsers", "Name":"Parser", "Description":"", "Url":"contents\\constructs2\\constructs2\\Parser.json"} ] }