{ "Namespace": { "Name":"Library.Parsers.Patterns", "Description":"" }, "Class": { "Scope":"public",  "Name":"Pattern", "Description":"" }, "Attributes": [  ], "Properties": [ { "Scope":"public",  "Type": "string", "Name":"Id", "Description":"" },{ "Scope":"public",  "Type": "string", "Name":"Expression", "Description":"" },{ "Scope":"public",  "Type": "string", "Name":"IntegrationCode", "Description":"" },{ "Scope":"public",  "Type": "int", "Name":"Sort", "Description":"" },{ "Scope":"public",  "Type": "string", "Name":"IntegralBehavior", "Description":"" },{ "Scope":"public",  "Type": "List<Pattern>", "Name":"Patterns", "Description":"" },{ "Scope":"public",  "Type": "bool", "Name":"Trim", "Description":"" },{ "Scope":"public",  "Type": "bool", "Name":"TrimStart", "Description":"" },{ "Scope":"public",  "Type": "bool", "Name":"TrimEnd", "Description":"" },{ "Scope":"public",  "Type": "int", "Name":"TokenIndex", "Description":"" },{ "Scope":"public",  "Type": "int", "Name":"TokenOffset", "Description":"" },{ "Scope":"public",  "Type": "int", "Name":"StartIndex", "Description":"" },{ "Scope":"public",  "Type": "int", "Name":"LengthOffset", "Description":"" },{ "Scope":"public",  "Type": "string[]", "Name":"Delimeters", "Description":"" },{ "Scope":"public",  "Type": "bool", "Name":"ResultPattern", "Description":"" } ], "Constructors": [ { "Scope":"public",  "Name":"Pattern", "Arguments": [  ], "Description":"", "Params": [  ] },{ "Scope":"public",  "Name":"Pattern", "Arguments": [ { "Type": "string", "Name": "id," },{ "Type": "string", "Name": "expression" } ], "Description":"", "Params": [  ] },{ "Scope":"public",  "Name":"Pattern", "Arguments": [ { "Type": "string", "Name": "id," },{ "Type": "string", "Name": "expression," },{ "Type": "int", "Name": "sort" } ], "Description":"", "Params": [  ] },{ "Scope":"public",  "Name":"Pattern", "Arguments": [ { "Type": "string", "Name": "id," },{ "Type": "string", "Name": "expression," },{ "Type": "int", "Name": "sort," },{ "Type": "string", "Name": "integrationCode" } ], "Description":"", "Params": [  ] },{ "Scope":"public",  "Name":"Pattern", "Arguments": [ { "Type": "string", "Name": "id," },{ "Type": "string", "Name": "expression," },{ "Type": "int", "Name": "sort," },{ "Type": "string", "Name": "integrationCode," },{ "Type": "string", "Name": "integralBehavior" } ], "Description":"", "Params": [  ] } ], "Functions": [  ] }