﻿{
  "authenticationMode": true,
  "version": "4.0",
  "cssClass": "container-fluid d-flex justify-content-start p-0",
  "tag": "ul",
  "attributes": [
    {
      "name": "class",
      "value": "navbar-nav"
    }
  ],
  "roles": [ "anonymous" ],
  "items": [
    {
      "text": "$resources: Application.Core.Navigations.Navigation, Home",
      "attributes": [
        {
          "name": "id",
          "value": ""
        },
        {
          "name": "title",
          "value": "$resources: Application.Core.Navigations.Navigation, HomeD"
        },
        {
          "name": "class",
          "value": "nav-item"
        }
      ],
      "linkUrl": "/home/index?home",
      "linkAttributes": [
        {
          "name": "id",
          "value": ""
        },
        {
          "name": "title",
          "value": ""
        },
        {
          "name": "class",
          "value": "nav-link"
        }
      ]
    },
    {
      "text": "$resources: Application.Core.Navigations.Navigation, MyAccount",
      "attributes": [
        {
          "name": "title",
          "value": "$resources: Application.Core.Navigations.Navigation, MyAccountD"
        }
      ],
      "linkUrl": "/myaccount/home/index?home",
      "linkAttributes": [
        {
          "name": "class",
          "value": "nav-link"
        }
      ],
      "roles": [ "mngr_myaccount" ]
    },
    {
      "text": "$resources: Application.Core.Navigations.Navigation, SignIn",
      "attributes": [
        {
          "name": "title",
          "value": "$resources: Application.Core.Navigations.Navigation, SignInD"
        },
        {
          "name": "class",
          "value": "nav-item"
        }
      ],
      "linkUrl": "/myaccount/home/index?home",
      "linkAttributes": [
        {
          "name": "class",
          "value": "nav-link"
        }
      ],
      "roles": [ "signin" ]
    }
  ]
}