﻿{
  "authenticationMode": true,
  "version": "4.0",
  "cssClass": "container col-sm-12 col-md-6 col-lg-6 d-flex justify-content-start p-0",
  "tag": "ul",
  "attributes": [
    {
      "name": "class",
      "value": "navbar-nav"
    }
  ],
  "roles": [ "anonymous" ],
  "items": [
    {
      "text": "$resources: Application.Core.Navigations.Navigation, AdminGeneralSettings",
      "attributes": [
        {
          "name": "title",
          "value": "$resources: Application.Core.Navigations.Navigation, AdminGeneralSettingsD"
        },
        {
          "name": "class",
          "value": "nav-item dropdown"
        }
      ],
      "linkUrl": "#SETTINGS",
      "linkAttributes": [
        {
          "name": "class",
          "value": "nav-link dropdown-toggle"
        }
      ],
      "roles": [ "mngr_users" ],
      "linkMenuTemplate": "<a {0} href=\"#admin-settings\" class=\"nav-link dropdown-toggle\" data-toggle=\"collapse\" role=\"button\" aria-haspopup=\"true\" aria-expanded=\"false\">{1} <span class=\"{2}\"></span></a>",
      "subMenuTemplate": "<ul id=\"admin-settings\" class=\"dropdown-menu\">{0}</ul>\n",
      "items": [
        {
          "text": "$resources: Application.Core.Navigations.Navigation, ActivityHistory",
          "attributes": [
            {
              "name": "title",
              "value": "$resources: Application.Core.Navigations.Navigation, ActivityHistoryD"
            }
          ],
          "linkUrl": "/admin/home/index",
          "linkAttributes": [
            {
              "name": "class",
              "value": "dropdown-item d-flex align-content-start"
            }
          ]
        },
        {
          "text": "$resources: Application.Core.Navigations.Navigation, Reference",
          "attributes": [
            {
              "name": "title",
              "value": "$resources: Application.Core.Navigations.Navigation, ReferenceD"
            }
          ],
          "linkUrl": "/admin/reference/index",
          "linkAttributes": [
            {
              "name": "class",
              "value": "dropdown-item d-flex align-content-start"
            }
          ],
          "roles": [ "mngr_users" ]
        }
      ]
    },
    {
      "text": "$resources: Application.Core.Navigations.Navigation, Accounts",
      "attributes": [
        {
          "name": "title",
          "value": "$resources: Application.Core.Navigations.Navigation, AccountsD"
        },
        {
          "name": "class",
          "value": "nav-item dropdown"
        }
      ],
      "linkUrl": "#ACCOUNTSETTINGS",
      "linkAttributes": [
        {
          "name": "class",
          "value": "nav-link dropdown-toggle"
        }
      ],
      "roles": [ "mngr_users" ],
      "linkMenuTemplate": "<a {0} href=\"#account-settings\" class=\"nav-link dropdown-toggle\" data-toggle=\"collapse\" role=\"button\" aria-haspopup=\"true\" aria-expanded=\"false\">{1} <span class=\"{2}\"></span></a>",
      "subMenuTemplate": "<ul id=\"account-settings\" class=\"dropdown-menu\">{0}</ul>\n",
      "items": [
        {
          "text": "$resources: Application.Core.Navigations.Navigation, Roles",
          "attributes": [
            {
              "name": "title",
              "value": "$resources: Application.Core.Navigations.Navigation, RolesD"
            }
          ],
          "linkUrl": "/admin/role/index",
          "linkAttributes": [
            {
              "name": "class",
              "value": "dropdown-item d-flex align-content-start"
            }
          ]
        },
        {
          "text": "",
          "attributes": [
            {
              "name": "class",
              "value": "dropdown-divider"
            }
          ],
          "separator": true
        },
        {
          "text": "$resources: Application.Core.Navigations.Navigation, AdminUsers",
          "attributes": [
            {
              "name": "title",
              "value": "$resources: Application.Core.Navigations.Navigation, AdminUsersD"
            }
          ],
          "linkUrl": "/admin/users/index",
          "linkAttributes": [
            {
              "name": "class",
              "value": "dropdown-item d-flex align-content-start"
            }
          ]
        }
      ]
    },
    {
      "text": "$resources: Application.Core.Navigations.Navigation, Language",
      "attributes": [
        {
          "name": "title",
          "value": "$resources: Application.Core.Navigations.Navigation, LanguageD"
        },
        {
          "name": "class",
          "value": "nav-item dropdown"
        }
      ],
      "linkUrl": "#LANGUAGE",
      "linkAttributes": [
        {
          "name": "class",
          "value": "nav-link dropdown-toggle"
        }
      ],
      "roles": [ "mngr_users" ],
      "linkMenuTemplate": "<a {0} href=\"#language-settings\" class=\"nav-link dropdown-toggle\" data-toggle=\"collapse\" role=\"button\" aria-haspopup=\"true\" aria-expanded=\"false\">{1} <span class=\"{2}\"></span></a>",
      "subMenuTemplate": "<ul id=\"language-settings\" class=\"dropdown-menu\">{0}</ul>\n",
      "items": [
        {
          "text": "$resources: Application.Core.Navigations.Navigation, LanguageEnglish",
          "attributes": [
            {
              "name": "title",
              "value": "$resources: Application.Core.Navigations.Navigation, LanguageEnglishD"
            }
          ],
          "linkUrl": "/admin/language/index",
          "linkAttributes": [
            {
              "name": "class",
              "value": "dropdown-item d-flex align-content-start"
            }
          ]
        },
        {
          "text": "$resources: Application.Core.Navigations.Navigation, LanguageUrdu",
          "attributes": [
            {
              "name": "title",
              "value": "$resources: Application.Core.Navigations.Navigation, LanguageUrduD"
            }
          ],
          "linkUrl": "/admin/language/urdu",
          "linkAttributes": [
            {
              "name": "class",
              "value": "dropdown-item d-flex align-content-start"
            }
          ]
        }
      ]
    }
  ]
}