﻿{
  "authenticationMode": true,
  "version": "4.0",
  "cssClass": "container-fluid d-flex justify-content-start p-0",
  "tag": "ul",
  "attributes": [
    {
      "name": "class",
      "value": "navbar-nav"
    }
  ],
  "roles": [ "anonymous" ],
  "items": [
    {
      "text": "$resources: Application.Core.Navigations.Navigation, Home",
      "attributes": [
        {
          "name": "id",
          "value": ""
        },
        {
          "name": "title",
          "value": "$resources: Application.Core.Navigations.Navigation, HomeD"
        },
        {
          "name": "class",
          "value": "nav-item"
        }
      ],
      "itemTemplate": "<li {0}>{1}</li>",
      "linkTemplate": "<a {0} href=\"{1}\"><i class=\"mdi mdi-view-dashboard menu-icon\"></i><span class=\"menu-title\">{2}</span></a>",
      "linkUrl": "/myaccount/home/index?home",
      "linkAttributes": [
        {
          "name": "id",
          "value": ""
        },
        {
          "name": "title",
          "value": ""
        },
        {
          "name": "class",
          "value": "nav-link"
        }
      ],
      "roles": [ "mngr_myaccount" ]
    },
    {
      "text": "$resources: Application.Core.Navigations.Navigation, CRUDView",
      "attributes": [
        {
          "name": "title",
          "value": "$resources: Application.Core.Navigations.Navigation, CRUDView"
        },
        {
          "name": "class",
          "value": "nav-item"
        }
      ],
      "itemTemplate": "<li {0}>{1}</li>",
      "linkTemplate": "<a {0} href=\"{1}\"><i class=\"mdi mdi-view-agenda menu-icon\"></i><span class=\"menu-title\">{2}</span></a>",
      "linkUrl": "/myaccount/category/index?crudview",
      "linkAttributes": [
        {
          "name": "class",
          "value": "nav-link"
        }
      ],
      "roles": [ "mngr_myaccount" ]
    },
    {
      "text": "$resources: Application.Core.Navigations.Navigation, GeneralLists",
      "attributes": [
        {
          "name": "title",
          "value": "$resources: Application.Core.Navigations.Navigation, GeneralLists"
        },
        {
          "name": "class",
          "value": "nav-item"
        }
      ],
      "itemTemplate": "<li {0}>{1}</li>",
      "linkTemplate": "<a {0} href=\"{1}\"><i class=\"mdi mdi-view-column menu-icon\"></i><span class=\"menu-title\">{2}</span></a>",
      "linkUrl": "/myaccount/lists/index?lists",
      "linkAttributes": [
        {
          "name": "class",
          "value": "nav-link"
        }
      ],
      "roles": [ "mngr_myaccount" ]
    },
    {
      "text": "$resources: Application.Core.Navigations.Navigation, Reports",
      "attributes": [
        {
          "name": "title",
          "value": "$resources: Application.Core.Navigations.Navigation, ReportsD"
        },
        {
          "name": "class",
          "value": "nav-item"
        }
      ],
      "linkUrl": "#REPORTS",
      "linkAttributes": [
        {
          "name": "class",
          "value": "nav-link"
        }
      ],
      "roles": [ "mngr_myaccount" ],
      "linkNavigationTemplate": "<a {0} data-bs-toggle=\"collapse\" href=\"#reports\" aria-expanded=\"false\" aria-controls=\"ui-basic\"><i class=\"menu-icon mdi mdi-file-chart\"></i><span class=\"menu-title\">{1}</span><i class=\"menu-arrow\"></i></a>",
      "subNavigationTemplate": "<div id=\"reports\" class=\"collapse\"><ul class=\"nav flex-column sub-menu\">{0}</ul></div>\n",
      "items": [
        {
          "text": "$resources: Application.Core.Navigations.Navigation, SummaryReport",
          "attributes": [
            {
              "name": "title",
              "value": "$resources: Application.Core.Navigations.Navigation, SummaryReportD"
            },
            {
              "name": "class",
              "value": "nav-item"
            }
          ],
          "itemTemplate": "<li {0}>{1}</li>",
          "linkTemplate": "<a {0} href=\"{1}\" target=\"\">{2}</a>",
          "linkUrl": "/myaccount/reports/index?summary",
          "linkAttributes": [
            {
              "name": "class",
              "value": "nav-link"
            }
          ],
          "roles": [ "mngr_myaccount" ]
        }
      ]
    },
    {
      "text": "$resources: Application.Core.Navigations.Navigation, SignOut",
      "attributes": [
        {
          "name": "title",
          "value": "$resources: Application.Core.Navigations.Navigation, SignOutD"
        },
        {
          "name": "class",
          "value": "nav-item"
        }
      ],
      "itemTemplate": "<li {0}>{1}</li>",
      "linkTemplate": "<a {0} href=\"{1}\"><i class=\"mdi mdi-logout menu-icon\"></i><span class=\"menu-title\">{2}</span></a>",
      "linkUrl": "/account/logout?logout",
      "linkAttributes": [
        {
          "name": "class",
          "value": "nav-link"
        }
      ],
      "roles": [ "mngr_myaccount", "mngr_users" ]
    },
    {
      "text": "$resources: Application.Core.Navigations.Navigation, SignIn",
      "attributes": [
        {
          "name": "title",
          "value": "$resources: Application.Core.Navigations.Navigation, SignInD"
        },
        {
          "name": "class",
          "value": "nav-item"
        }
      ],
      "itemTemplate": "<li {0}>{1}</li>",
      "linkTemplate": "<a {0} href=\"{1}\"><i class=\"mdi mdi-grid menu-icon\"></i><span class=\"menu-title\">{2}</span></a>",
      "linkUrl": "/account/login",
      "linkAttributes": [
        {
          "name": "class",
          "value": "nav-link"
        }
      ],
      "roles": [ "signin" ]
    }
  ]
}